Factor,Weight
Momentum,0.2239226240130886
Volatility,0.04400776462568859
Value,0.016311182539962357
Quality,0.6996816482819664
Size,0.00720815824111532
ESG,0.008868622298178652
