Factor,Weight
Momentum,0.40634494336093485
Volatility,0.1381667982713636
Value,0.011149995053179351
Quality,0.400127182102864
Size,0.0032920936012040664
ESG,0.04091898761045433
